{"cameraMode":{"drawMode":0,"name":"Shaded","section":"Shading Mode"},"sceneLighting":false,"audioPlay":false,"sceneViewState":{"showFog":true,"showMaterialUpdate":false,"showSkybox":false,"showFlares":true,"showImageEffects":true,"showParticleSystems":true},"in2DMode":false,"pivot":{"x":69.62999725341797,"y":-15.861801147460938,"z":18.709999084472658},"rotation":{"x":0.38532495498657229,"y":-0.29215413331985476,"z":0.13004854321479798,"w":0.8656124472618103},"size":1.4150971174240113,"orthographic":false}