{"cameraMode":{"drawMode":0,"name":"Shaded","section":"Shading Mode"},"sceneLighting":false,"audioPlay":false,"sceneViewState":{"showFog":true,"showMaterialUpdate":false,"showSkybox":true,"showFlares":true,"showImageEffects":true,"showParticleSystems":true},"in2DMode":false,"pivot":{"x":205.43280029296876,"y":-32.322296142578128,"z":103.80409240722656},"rotation":{"x":0.38532495498657229,"y":-0.29215413331985476,"z":0.13004854321479798,"w":0.8656124472618103},"size":80.88298797607422,"orthographic":false}